die_id,power_w,ir_drop_v
0,0.62,0.034874999999999996
1,0.45,0.025312499999999998
2,0.38,0.021374999999999998
3,0.2,0.01125
