schedule_id,makespan_s,peak_temperature_c,peak_region,peak_time_s,over_limit_duration_s,violation_count
pure_serial,0.06384343999999997,25.190124528748775,thermal_die3,0.059176559999999996,0.0,0
fixed_fastest,0.0050046399999999994,25.02829928549768,thermal_die3,0.0050046399999999994,0.0,0
tam_like,0.0050046399999999994,25.02829928549768,thermal_die3,0.0050046399999999994,0.0,0
low_power,0.00752568,25.090840307148696,thermal_die3,0.00752568,0.0,0
m4_greedy,0.0050046399999999994,25.02829928549768,thermal_die3,0.0050046399999999994,0.0,0
m5_cpsat,0.00396392,25.028282896073872,thermal_die3,0.00396392,0.0,0
m6_alns,0.00396392,25.028282276725367,thermal_die3,0.00395652,0.0,0
