die_id,initial_temp_c,next_temp_c,time_step_s
0,25.0,25.001771428571427,0.001
1,25.0,25.001285714285714,0.001
2,25.0,25.001085714285715,0.001
3,25.0,25.00057142857143,0.001
