die_id,power_w,ir_drop_v
0,0.62,0.09281249999999998
1,0.45,0.09281249999999998
2,0.38,0.09281249999999998
3,0.2,0.09281249999999998
